{
  "$schema": "https://schema.management.azure.com/schemas/2019-04-01/deploymentTemplate.json#",
  "contentVersion": "1.0.0.0",
  "metadata": {
    "_generator": {
      "name": "bicep",
      "version": "0.11.1.770",
      "templateHash": "4536988653306547200"
    }
  },
  "parameters": {
    "azureTenantId": {
      "type": "string",
      "metadata": {
        "description": "Azure tenant ID to analyze"
      },
      "minLength": 36, // GUIDs are 36 characters long (32 hex digits + 4 hyphens)
      "maxLength": 36
    },
    "azureSecret": {
      "type": "securestring",
      "metadata": {
        "description": "Azure Secret"
      }
    },
    "azureAppID": {
      "type": "string",
      "metadata": {
        "description": "Azure App ID"
      }
    },
    "bloodhoundInstanceDomain": {
      "type": "string",
      "metadata": {
        "description": "Bloodhound instance domain"
      }
    },
    "bloodhoundTokenId": {
      "type": "string",
      "metadata": {
        "description": "Bloodhound token ID"
      }
    },
    "bloodhoundToken": {
      "type": "securestring",
      "metadata": {
        "description": "Bloodhound token"
      }
    },
    "minReplica": {
      "type": "int",
      "defaultValue": 1,
      "maxValue": 25,
      "minValue": 0,
      "metadata": {
        "description": "Minimum number of replicas that will be deployed"
      }
    },
    "maxReplica": {
      "type": "int",
      "defaultValue": 3,
      "maxValue": 25,
      "minValue": 0,
      "metadata": {
        "description": "Maximum number of replicas that will be deployed"
      }
    }
  },
  "variables": {
    "acrPullRole": "[resourceId('Microsoft.Authorization/roleDefinitions', '7f951dda-4ed3-4680-a7ca-43fe172d538d')]",
    "configcontent": "[concat('{\\\"batchsize\\\": 100,\\\"config\\\": \\\"/mnt/config/config.json\\\",\\\"instance\\\": \\\"https://', parameters('bloodhoundInstanceDomain'), '\\\",\\\"json\\\": false,\\\"managed-identity\\\": false,\\\"maxconnsperhost\\\": 20,\\\"maxidleconnsperhost\\\": 20,\\\"region\\\": \\\"cloud\\\",\\\"streamcount\\\": 25,\\\"tenant\\\": \\\"', parameters('azureTenantId'),'\\\",\\\"token\\\": \\\"', parameters('bloodhoundToken'),'\\\",\\\"tokenid\\\": \\\"', parameters('bloodhoundTokenId'),'\\\",\\\"secret\\\": \\\"', parameters('azureSecret'),'\\\",\\\"app\\\": \\\"', parameters('azureAppID'),'\\\",\\\"verbosity\\\": 2}')]",
    "fileShareVolumeName": "config-volume",
    "containerAppName": "[format('app-{0}', uniqueString(resourceGroup().id))]",
    "containerAppEnvName": "[format('env-{0}', uniqueString(resourceGroup().id))]",
    "containerAppLogAnalyticsName": "[format('containerapp-log-{0}', uniqueString(resourceGroup().id))]",
    "containerRegistryName": "[format('cr{0}', uniqueString(resourceGroup().id))]",
    "location": "[resourceGroup().location]",
    "containerUMIName": "[format('id-app-{0}', uniqueString(resourceGroup().id))]"
  },
  "resources": [
    {
      "type": "Microsoft.OperationalInsights/workspaces",
      "apiVersion": "2021-06-01",
      "name": "[variables('containerAppLogAnalyticsName')]",
      "location": "[variables('location')]",
      "properties": {
        "sku": {
          "name": "PerGB2018"
        }
      }
    },
    {
      "type": "Microsoft.App/managedEnvironments",
      "apiVersion": "2022-06-01-preview",
      "name": "[variables('containerAppEnvName')]",
      "location": "[variables('location')]",
      "sku": {
        "name": "Consumption"
      },
      "properties": {
        "appLogsConfiguration": {
          "destination": "log-analytics",
          "logAnalyticsConfiguration": {
            "customerId": "[reference(resourceId('Microsoft.OperationalInsights/workspaces', variables('containerAppLogAnalyticsName'))).customerId]",
            "sharedKey": "[listKeys(resourceId('Microsoft.OperationalInsights/workspaces', variables('containerAppLogAnalyticsName')), '2021-06-01').primarySharedKey]"
          }
        }
      },
      "dependsOn": [
        "[resourceId('Microsoft.OperationalInsights/workspaces', variables('containerAppLogAnalyticsName'))]"
      ]
    },
    {
      "type": "Microsoft.ManagedIdentity/userAssignedIdentities",
      "apiVersion": "2022-01-31-preview",
      "name": "[variables('containerUMIName')]",
      "location": "[variables('location')]"
    },
    {
      "type": "Microsoft.Authorization/roleAssignments",
      "apiVersion": "2022-04-01",
      "name": "[guid(resourceGroup().id, resourceId('Microsoft.ManagedIdentity/userAssignedIdentities', variables('containerUMIName')), variables('acrPullRole'))]",
      "properties": {
        "roleDefinitionId": "[variables('acrPullRole')]",
        "principalId": "[reference(resourceId('Microsoft.ManagedIdentity/userAssignedIdentities', variables('containerUMIName'))).principalId]",
        "principalType": "ServicePrincipal"
      },
      "dependsOn": [
        "[resourceId('Microsoft.ManagedIdentity/userAssignedIdentities', variables('containerUMIName'))]"
      ],
      "metadata": {
        "description": "This allows the managed identity of the container app to access the registry, note scope is applied to the wider ResourceGroup not the ACR"
      }
    },
    {
      "type": "Microsoft.App/containerApps",
      "apiVersion": "2022-06-01-preview",
      "name": "[variables('containerAppName')]",
      "location": "[variables('location')]",
      "identity": {
        "type": "UserAssigned",
        "userAssignedIdentities": {
          "[format('{0}', resourceId('Microsoft.ManagedIdentity/userAssignedIdentities', variables('containerUMIName')))]": {}
        }
      },
      "properties": {
        "managedEnvironmentId": "[resourceId('Microsoft.App/managedEnvironments', variables('containerAppEnvName'))]",
        "configuration": {
          "ingress": {
            "external": true,
            "targetPort": 80,
            "allowInsecure": false,
            "traffic": [
              {
                "latestRevision": true,
                "weight": 100
              }
            ]
          },
          "registries": [
            {
              "identity": "[resourceId('Microsoft.ManagedIdentity/userAssignedIdentities', variables('containerUMIName'))]",
              "server": "[reference(resourceId('Microsoft.Resources/deployments', 'acr')).outputs.loginServer.value]"
            }
          ]
        },
        "template": {
          "revisionSuffix": "revision25065",
          "initContainers": [
            {
              "name": "config-writer",
              "image": "mcr.microsoft.com/azure-cli:latest", // A lightweight image with bash for scripting
              "command": [
                "bash",
                "-c"
              ],
              "args": [
                // Construct the JSON using environment variables populated from Container variable
                "[concat('echo ', variables('configcontent'), ' > /mnt/config/config.json')]",
                // Add a confirmation message to logs
                "echo 'config.json created successfully in /mnt/config/'"
              ],
              "volumeMounts": [
                {
                  "mountPath": "/mnt/config", // Mount the volume here for the init container to write to
                  "volumeName": "[variables('fileShareVolumeName')]"
                }
              ]
            }
          ],
          "containers": [
            {
              "name": "[variables('containerAppName')]",
              "image": "[reference(resourceId('Microsoft.Resources/deployments', 'importContainerImage')).outputs.importedImages.value[0].acrHostedImage]",
              "command": [
                "/azurehound",
                "start"
                ],
              "args": [
                "-c",
                "/mnt/config/config.json"
                ],
                "volumeMounts": [
                  {
                    "volumeName": "[variables('fileShareVolumeName')]",
                    "mountPath": "/mnt/config"
                  }
                ],
                "resources": {
                "cpu": "[json('.25')]",
                "memory": ".5Gi"
              }
            }
          ],
		      "volumes": [
            {
              "name": "[variables('fileShareVolumeName')]",
              "emptyDir": {} // An ephemeral volume that exists for the lifetime of the pod
            }
          ],
          "scale": {
            "minReplicas": "[parameters('minReplica')]",
            "maxReplicas": "[parameters('maxReplica')]",
            "rules": [
              {
                "name": "http-requests",
                "http": {
                  "metadata": {
                    "concurrentRequests": "10"
                  }
                }
              }
            ]
          }
        }
      },
      "dependsOn": [
        "[resourceId('Microsoft.Resources/deployments', 'acr')]",
        "[resourceId('Microsoft.Resources/deployments', 'importContainerImage')]",
        "[resourceId('Microsoft.App/managedEnvironments', variables('containerAppEnvName'))]",
        "[resourceId('Microsoft.ManagedIdentity/userAssignedIdentities', variables('containerUMIName'))]",
        "[resourceId('Microsoft.Resources/deployments', 'graph-permissions-deployment')]"
      ]
    },
    {
      "type": "Microsoft.Resources/deployments",
      "apiVersion": "2020-10-01",
      "name": "acr",
      "properties": {
        "expressionEvaluationOptions": {
          "scope": "inner"
        },
        "mode": "Incremental",
        "parameters": {
          "location": {
            "value": "[variables('location')]"
          },
          "containerRegistryName": {
            "value": "[variables('containerRegistryName')]"
          }
        },
        "template": {
          "$schema": "https://schema.management.azure.com/schemas/2019-04-01/deploymentTemplate.json#",
          "contentVersion": "1.0.0.0",
          "metadata": {
            "_generator": {
              "name": "bicep",
              "version": "0.11.1.770",
              "templateHash": "5294368001789442670"
            }
          },
          "parameters": {
            "location": {
              "type": "string",
              "metadata": {
                "description": "Specifies the location for all resources."
              }
            },
            "containerRegistryName": {
              "type": "string"
            }
          },
          "resources": [
            {
              "type": "Microsoft.ContainerRegistry/registries",
              "apiVersion": "2022-02-01-preview",
              "name": "[parameters('containerRegistryName')]",
              "location": "[parameters('location')]",
              "sku": {
                "name": "Standard"
              },
              "properties": {
                "adminUserEnabled": true
              }
            }
          ],
          "outputs": {
            "id": {
              "type": "string",
              "value": "[resourceId('Microsoft.ContainerRegistry/registries', parameters('containerRegistryName'))]"
            },
            "name": {
              "type": "string",
              "value": "[parameters('containerRegistryName')]"
            },
            "loginServer": {
              "type": "string",
              "value": "[reference(resourceId('Microsoft.ContainerRegistry/registries', parameters('containerRegistryName'))).loginServer]"
            }
          }
        }
      }
    },
    {
      "type": "Microsoft.Resources/deployments",
      "apiVersion": "2020-10-01",
      "name": "importContainerImage",
      "properties": {
        "expressionEvaluationOptions": {
          "scope": "inner"
        },
        "mode": "Incremental",
        "parameters": {
          "acrName": {
            "value": "[reference(resourceId('Microsoft.Resources/deployments', 'acr')).outputs.name.value]"
          },
          "location": {
            "value": "[variables('location')]"
          },
          "images": {
            "value": "[array('azurehoundregistry.azurecr.io/ishika-azurehound-v1:latest')]"
          }
        },
        "template": {
          "$schema": "https://schema.management.azure.com/schemas/2019-04-01/deploymentTemplate.json#",
          "contentVersion": "1.0.0.0",
          "metadata": {
            "_generator": {
              "name": "bicep",
              "version": "0.11.1.770",
              "templateHash": "8432140579349303037"
            }
          },
          "parameters": {
            "acrName": {
              "type": "string",
              "metadata": {
                "description": "The name of the Azure Container Registry"
              }
            },
            "location": {
              "type": "string",
              "defaultValue": "[resourceGroup().location]",
              "metadata": {
                "description": "The location to deploy the resources to"
              }
            },
            "forceUpdateTag": {
              "type": "string",
              "defaultValue": "[utcNow()]",
              "metadata": {
                "description": "How the deployment script should be forced to execute"
              }
            },
            "rbacRoleNeeded": {
              "type": "string",
              "defaultValue": "b24988ac-6180-42a0-ab88-20f7382dd24c",
              "metadata": {
                "description": "Azure RoleId that are required for the DeploymentScript resource to import images"
              }
            },
            "useExistingManagedIdentity": {
              "type": "bool",
              "defaultValue": false,
              "metadata": {
                "description": "Does the Managed Identity already exists, or should be created"
              }
            },
            "managedIdentityName": {
              "type": "string",
              "defaultValue": "id-ContainerRegistryImport",
              "metadata": {
                "description": "Name of the Managed Identity resource"
              }
            },
            "existingManagedIdentitySubId": {
              "type": "string",
              "defaultValue": "[subscription().subscriptionId]",
              "metadata": {
                "description": "For an existing Managed Identity, the Subscription Id it is located in"
              }
            },
            "existingManagedIdentityResourceGroupName": {
              "type": "string",
              "defaultValue": "[resourceGroup().name]",
              "metadata": {
                "description": "For an existing Managed Identity, the Resource Group it is located in"
              }
            },
            "images": {
              "type": "array",
              "metadata": {
                "description": "An array of fully qualified images names to import"
              }
            },
            "initialScriptDelay": {
              "type": "string",
              "defaultValue": "30s",
              "metadata": {
                "description": "A delay before the script import operation starts. Primarily to allow Azure AAD Role Assignments to propagate"
              }
            },
            "cleanupPreference": {
              "type": "string",
              "defaultValue": "OnSuccess",
              "metadata": {
                "description": "When the script resource is cleaned up"
              },
              "allowedValues": [
                "OnSuccess",
                "OnExpiration",
                "Always"
              ]
            }
          },
          "resources": [
            {
              "condition": "[not(parameters('useExistingManagedIdentity'))]",
              "type": "Microsoft.ManagedIdentity/userAssignedIdentities",
              "apiVersion": "2018-11-30",
              "name": "[parameters('managedIdentityName')]",
              "location": "[parameters('location')]"
            },
            {
              "condition": "[not(empty(parameters('rbacRoleNeeded')))]",
              "type": "Microsoft.Authorization/roleAssignments",
              "apiVersion": "2020-08-01-preview",
              "scope": "[format('Microsoft.ContainerRegistry/registries/{0}', parameters('acrName'))]",
              "name": "[guid(resourceId('Microsoft.ContainerRegistry/registries', parameters('acrName')), parameters('rbacRoleNeeded'), if(parameters('useExistingManagedIdentity'), extensionResourceId(format('/subscriptions/{0}/resourceGroups/{1}', parameters('existingManagedIdentitySubId'), parameters('existingManagedIdentityResourceGroupName')), 'Microsoft.ManagedIdentity/userAssignedIdentities', parameters('managedIdentityName')), resourceId('Microsoft.ManagedIdentity/userAssignedIdentities', parameters('managedIdentityName'))))]",
              "properties": {
                "roleDefinitionId": "[resourceId('Microsoft.Authorization/roleDefinitions', parameters('rbacRoleNeeded'))]",
                "principalId": "[if(parameters('useExistingManagedIdentity'), reference(extensionResourceId(format('/subscriptions/{0}/resourceGroups/{1}', parameters('existingManagedIdentitySubId'), parameters('existingManagedIdentityResourceGroupName')), 'Microsoft.ManagedIdentity/userAssignedIdentities', parameters('managedIdentityName')), '2018-11-30').principalId, reference(resourceId('Microsoft.ManagedIdentity/userAssignedIdentities', parameters('managedIdentityName')), '2018-11-30').principalId)]",
                "principalType": "ServicePrincipal"
              },
              "dependsOn": [
                "[resourceId('Microsoft.ManagedIdentity/userAssignedIdentities', parameters('managedIdentityName'))]"
              ]
            },
            {
              "copy": {
                "name": "createImportImage",
                "count": "[length(parameters('images'))]"
              },
              "type": "Microsoft.Resources/deploymentScripts",
              "apiVersion": "2020-10-01",
              "name": "[format('ACR-Import-{0}-{1}', parameters('acrName'), last(split(replace(parameters('images')[copyIndex()], ':', ''), '/')))]",
              "location": "[parameters('location')]",
              "identity": {
                "type": "UserAssigned",
                "userAssignedIdentities": {
                  "[format('{0}', if(parameters('useExistingManagedIdentity'), extensionResourceId(format('/subscriptions/{0}/resourceGroups/{1}', parameters('existingManagedIdentitySubId'), parameters('existingManagedIdentityResourceGroupName')), 'Microsoft.ManagedIdentity/userAssignedIdentities', parameters('managedIdentityName')), resourceId('Microsoft.ManagedIdentity/userAssignedIdentities', parameters('managedIdentityName'))))]": {}
                }
              },
              "kind": "AzureCLI",
              "properties": {
                "forceUpdateTag": "[parameters('forceUpdateTag')]",
                "azCliVersion": "2.30.0",
                "timeout": "PT30M",
                "retentionInterval": "P1D",
                "environmentVariables": [
                  {
                    "name": "acrName",
                    "value": "[parameters('acrName')]"
                  },
                  {
                    "name": "imageName",
                    "value": "[parameters('images')[copyIndex()]]"
                  },
                  {
                    "name": "initialDelay",
                    "value": "[parameters('initialScriptDelay')]"
                  },
                  {
                    "name": "retryMax",
                    "value": "2"
                  },
                  {
                    "name": "retrySleep",
                    "value": "5s"
                  }
                ],
                "scriptContent": "      #!/bin/bash\n      set -e\n\n      echo \"Waiting on RBAC replication ($initialDelay)\"\n      sleep $initialDelay\n      \n      #Retry loop to catch errors (usually RBAC delays, but 'Error copying blobs' is also not unheard of)\n      retryLoopCount=0\n      until [ $retryLoopCount -ge $retryMax ]\n      do\n        echo \"Importing Image: $imageName into ACR: $acrName\"\n        az acr import -n $acrName --source $imageName --force \\\n          && break\n\n        sleep $retrySleep\n        retryLoopCount=$((retryLoopCount+1))\n      done\n\n    ",
                "cleanupPreference": "[parameters('cleanupPreference')]"
              },
              "dependsOn": [
                "[resourceId('Microsoft.ManagedIdentity/userAssignedIdentities', parameters('managedIdentityName'))]",
                "[extensionResourceId(resourceId('Microsoft.ContainerRegistry/registries', parameters('acrName')), 'Microsoft.Authorization/roleAssignments', guid(resourceId('Microsoft.ContainerRegistry/registries', parameters('acrName')), parameters('rbacRoleNeeded'), if(parameters('useExistingManagedIdentity'), extensionResourceId(format('/subscriptions/{0}/resourceGroups/{1}', parameters('existingManagedIdentitySubId'), parameters('existingManagedIdentityResourceGroupName')), 'Microsoft.ManagedIdentity/userAssignedIdentities', parameters('managedIdentityName')), resourceId('Microsoft.ManagedIdentity/userAssignedIdentities', parameters('managedIdentityName')))))]"
              ]
            }
          ],
          "outputs": {
            "importedImages": {
              "type": "array",
              "copy": {
                "count": "[length(parameters('images'))]",
                "input": {
                  "originalImage": "[parameters('images')[copyIndex()]]",
                  "acrHostedImage": "[format('{0}{1}', reference(resourceId('Microsoft.ContainerRegistry/registries', parameters('acrName')), '2021-12-01-preview').loginServer, string(skip(parameters('images')[copyIndex()], indexOf(parameters('images')[copyIndex()], '/'))))]"
                }
              },
              "metadata": {
                "description": "An array of the imported images"
              }
            }
          }
        }
      },
      "dependsOn": [
        "[resourceId('Microsoft.Resources/deployments', 'acr')]"
      ],
      "metadata": {
        "description": "This module seeds the ACR with the public version of the app"
      }
    },
    {
      "type": "Microsoft.Resources/deployments",
      "apiVersion": "2022-09-01",
      "name": "graph-permissions-deployment",
      "resourceGroup": "[resourceGroup().name]",
      "properties": {
        "expressionEvaluationOptions": {
          "scope": "inner"
        },
        "mode": "Incremental",
        "parameters": {
          "location": {
            "value": "[variables('location')]"
          },
          "deploymentUMIName": {
            "value": "[variables('containerUMIName')]"
          },
          "deploymentUMIResourceGroupName": {
            "value": "[resourceGroup().name]"
          },
          "containerUMIPrincipalId": {
            "value": "[reference(extensionResourceId(format('/subscriptions/{0}/resourceGroups/{1}', subscription().subscriptionId, resourceGroup().name), 'Microsoft.Resources/deployments', 'containerIdentity-deployment'), '2022-09-01').outputs.principalId.value]"
          }
        },
        "template": {
          "$schema": "https://schema.management.azure.com/schemas/2019-04-01/deploymentTemplate.json#",
          "contentVersion": "1.0.0.0",
          "metadata": {
            "_generator": {
              "name": "bicep",
              "version": "0.36.1.42791",
              "templateHash": "2556770267153897272"
            }
          },
          "parameters": {
            "location": {
              "type": "string"
            },
            "containerUMIPrincipalId": {
              "type": "string"
            },
            "deploymentUMIResourceGroupName": {
              "type": "string"
            },
            "deploymentUMIName": {
              "type": "string"
            }
          },
          "resources": [
            {
              "type": "Microsoft.Resources/deploymentScripts",
              "apiVersion": "2023-08-01",
              "name": "graph-permissions-script",
              "location": "[parameters('location')]",
              "kind": "AzurePowerShell",
              "identity": {
                "type": "UserAssigned",
                "userAssignedIdentities": {
                  "[format('{0}', extensionResourceId(format('/subscriptions/{0}/resourceGroups/{1}', subscription().subscriptionId, parameters('deploymentUMIResourceGroupName')), 'Microsoft.ManagedIdentity/userAssignedIdentities', parameters('deploymentUMIName')))]": {}
                }
              },
              "properties": {
                "azPowerShellVersion": "9.7",
                "retentionInterval": "P1D",
                "timeout": "PT30M",
                "cleanupPreference": "OnSuccess",
                "scriptContent": "      $ErrorActionPreference = \"Continue\"\n      \n      # Initialize arrays for tracking\n      $warningsList = @()\n      $successList = @()\n      $needManualSetup = $false\n      \n      try {\n          $token = (Get-AzAccessToken -ResourceUrl \"https://graph.microsoft.com/\").Token\n          $graphAppId = \"00000003-0000-0000-c000-000000000000\"\n          \n          $graphSp = Get-AzADServicePrincipal -ApplicationId $graphAppId\n          if (-not $graphSp) {\n              $needManualSetup = $true\n          }\n          \n          if ($graphSp) {\n              $headers = @{\n                  'Authorization' = \"Bearer $token\"\n                  'Content-Type' = 'application/json'\n              }\n\n              try {\n                  $apiUrl = \"https://graph.microsoft.com/v1.0/servicePrincipals/$($env:ContainerUMIPrincipalId)/appRoleAssignments\"\n                  $existingAssignments = Invoke-RestMethod -Uri $apiUrl -Headers $headers -Method Get\n                  \n                  $directoryReadAllId = \"7ab1d382-f21e-4acd-a863-ba3e13f7da61\"\n                  $existingAssignment = $existingAssignments.value | Where-Object { \n                      $_.appRoleId -eq $directoryReadAllId -and \n                      $_.resourceId -eq $graphSp.Id\n                  }\n\n                  if (-not $existingAssignment) {\n                      try {\n                          $body = @{\n                              principalId = $env:ContainerUMIPrincipalId\n                              resourceId = $graphSp.Id\n                              appRoleId = $directoryReadAllId\n                          } | ConvertTo-Json\n\n                          $result = Invoke-RestMethod -Uri $apiUrl -Headers $headers -Method Post -Body $body\n                          $successList += \"Directory.Read.All\"\n                      }\n                      catch {\n                          $needManualSetup = $true\n                      }\n                  }\n                  else {\n                      $successList += \"Directory.Read.All\"\n                  }\n              }\n              catch {\n                  $needManualSetup = $true\n              }\n          }\n      }\n      catch {\n          $needManualSetup = $true\n      }\n\n      # Create a structured permission status message\n      $statusMessage = if ($needManualSetup) {\n          @\"\nMANUAL PERMISSION SETUP REQUIRED\n------------------------------\nThe container's managed identity requires the following Microsoft Graph permission:\n- Directory.Read.All\n\nPlease run the provided setup script to configure these permissions:\n./setup-container-permissions.ps1 -PrincipalId $($env:ContainerUMIPrincipalId)\n\"@\n      } else {\n          \"All required permissions have been configured successfully.\"\n      }\n      \n      # Output the results\n      $DeploymentScriptOutputs = @{\n          needsManualSetup = $needManualSetup\n          statusMessage = $statusMessage\n          assignedPermissions = $successList\n      }\n    ",
                "environmentVariables": [
                  {
                    "name": "ContainerUMIPrincipalId",
                    "value": "[parameters('containerUMIPrincipalId')]"
                  }
                ]
              }
            }
          ],
          "outputs": {
            "needsManualSetup": {
              "type": "bool",
              "value": "[reference(resourceId('Microsoft.Resources/deploymentScripts', 'graph-permissions-script'), '2023-08-01').outputs.needsManualSetup]"
            },
            "statusMessage": {
              "type": "string",
              "value": "[reference(resourceId('Microsoft.Resources/deploymentScripts', 'graph-permissions-script'), '2023-08-01').outputs.statusMessage]"
            },
            "assignedPermissions": {
              "type": "array",
              "value": "[reference(resourceId('Microsoft.Resources/deploymentScripts', 'graph-permissions-script'), '2023-08-01').outputs.assignedPermissions]"
            }
          }
        }
      },
      "dependsOn": [
        "[extensionResourceId(format('/subscriptions/{0}/resourceGroups/{1}', subscription().subscriptionId, resourceGroup().name), 'Microsoft.Resources/deployments', 'containerIdentity-deployment')]"
      ]
    },
    {
      "type": "Microsoft.Resources/deployments",
      "apiVersion": "2022-09-01",
      "name": "containerIdentity-deployment",
      "resourceGroup": "[resourceGroup().name]",
      "properties": {
        "expressionEvaluationOptions": {
          "scope": "inner"
        },
        "mode": "Incremental",
        "parameters": {
          "location": {
            "value": "[variables('location')]"
          },
          "containerUMIName": {
            "value": "[variables('containerUMIName')]"
          }
        },
        "template": {
          "$schema": "https://schema.management.azure.com/schemas/2019-04-01/deploymentTemplate.json#",
          "contentVersion": "1.0.0.0",
          "metadata": {
            "_generator": {
              "name": "bicep",
              "version": "0.36.1.42791",
              "templateHash": "7723817674947761621"
            }
          },
          "parameters": {
            "location": {
              "type": "string"
            },
            "containerUMIName": {
              "type": "string"
            }
          },
          "resources": [
            {
              "type": "Microsoft.ManagedIdentity/userAssignedIdentities",
              "apiVersion": "2023-01-31",
              "name": "[parameters('containerUMIName')]",
              "location": "[parameters('location')]"
            },
            {
              "type": "Microsoft.Authorization/roleAssignments",
              "apiVersion": "2022-04-01",
              "name": "[guid(subscription().id, resourceId('Microsoft.ManagedIdentity/userAssignedIdentities', parameters('containerUMIName')), 'Reader')]",
              "properties": {
                "principalId": "[reference(resourceId('Microsoft.ManagedIdentity/userAssignedIdentities', parameters('containerUMIName')), '2023-01-31').principalId]",
                "roleDefinitionId": "[subscriptionResourceId('Microsoft.Authorization/roleDefinitions', 'acdd72a7-3385-48ef-bd42-f606fba81ae7')]",
                "principalType": "ServicePrincipal"
              },
              "dependsOn": [
                "[resourceId('Microsoft.ManagedIdentity/userAssignedIdentities', parameters('containerUMIName'))]"
              ]
            }
          ],
          "outputs": {
            "resourceId": {
              "type": "string",
              "value": "[resourceId('Microsoft.ManagedIdentity/userAssignedIdentities', parameters('containerUMIName'))]"
            },
            "principalId": {
              "type": "string",
              "value": "[reference(resourceId('Microsoft.ManagedIdentity/userAssignedIdentities', parameters('containerUMIName')), '2023-01-31').principalId]"
            }
          }
        }
      }
    }
  ],
  "outputs": {
    "containerAppFQDN": {
      "type": "string",
      "value": "[reference(resourceId('Microsoft.App/containerApps', variables('containerAppName'))).configuration.ingress.fqdn]"
    },
    "containerImage": {
      "type": "string",
      "value": "[reference(resourceId('Microsoft.Resources/deployments', 'importContainerImage')).outputs.importedImages.value[0].acrHostedImage]"
    }
  }
}